Roll_No,Name,Gender,Age,Marks,Attendance,Department,Grade
23ECE001,Charan,Female,22,48,87,ECE,F
23CIVIL002,Vidya,Female,22,97,90,CIVIL,A+
23CSE003,Sahil,Male,18,45,94,CSE,F
23IT004,Meghana,Male,21,97,55,IT,A+
23EEE005,Pooja,Male,21,79,71,EEE,B
23CIVIL006,Rakesh,Male,23,46,76,CIVIL,F
23IT007,Tarun,Female,20,53,84,IT,D
23EEE008,Gowtham,Female,18,82,100,EEE,A
23CSE009,Sai,Female,18,98,80,CSE,A+
23MECH010,Rohit,Female,21,68,88,MECH,C
23CIVIL011,Varun,Female,22,38,88,CIVIL,F
23IT012,Keerthi,Male,18,48,100,IT,F
23ECE013,Vijay,Female,21,96,64,ECE,A+
23CIVIL014,Charan,Female,23,67,85,CIVIL,C
23IT015,Ravi,Female,22,99,96,IT,A+
23EEE016,Sanjay,Female,21,72,67,EEE,B
23CIVIL017,Aarav,Male,19,93,96,CIVIL,A+
23MECH018,Sneha,Female,19,97,71,MECH,A+
23EEE019,Srinivas,Female,21,39,90,EEE,F
23EEE020,Pooja,Female,18,100,83,EEE,A+
23IT021,Sahil,Male,21,43,85,IT,F
23IT022,Manoj,Female,20,59,61,IT,D
23CSE023,Riya,Male,21,46,55,CSE,F
23CSE024,Sahil,Male,22,66,67,CSE,C
23ECE025,Vijay,Male,22,80,72,ECE,A
23IT026,Aarav,Female,23,97,92,IT,A+
23CIVIL027,Hemanth,Male,22,95,69,CIVIL,A+
23ECE028,Deepak,Female,18,55,81,ECE,D
23ECE029,Vamsi,Female,22,84,81,ECE,A
23MECH030,Swathi,Male,21,48,55,MECH,F
23CSE031,Ananya,Male,20,80,96,CSE,A
23MECH032,Aditi,Female,20,73,98,MECH,B
23ECE033,Pooja,Male,21,56,84,ECE,D
23MECH034,Vamsi,Male,21,78,94,MECH,B
23CIVIL035,Vidya,Male,23,43,100,CIVIL,F
23CSE036,Ravi,Male,19,57,96,CSE,D
23MECH037,Abhinav,Male,21,59,96,MECH,D
23CIVIL038,Gowtham,Male,19,62,96,CIVIL,C
23EEE039,Deepak,Male,23,84,66,EEE,A
23ECE040,Rohit,Female,18,74,79,ECE,B
23MECH041,Priya,Male,20,98,84,MECH,A+
23MECH042,Meghana,Female,19,96,75,MECH,A+
23CSE043,Charan,Female,18,64,68,CSE,C
23CIVIL044,Arjun,Female,23,87,76,CIVIL,A
23EEE045,Anjali,Male,18,55,77,EEE,D
23CIVIL046,Teja,Male,18,70,94,CIVIL,B
23IT047,Madhavi,Male,22,69,73,IT,C
23MECH048,Teja,Male,18,47,71,MECH,F
23IT049,Harsha,Male,23,80,58,IT,A
23CIVIL050,Ishita,Male,22,70,75,CIVIL,B
23EEE051,Ananya,Female,20,68,65,EEE,C
23CSE052,Ananya,Male,21,88,71,CSE,A
23CSE053,Akash,Male,19,74,56,CSE,B
23MECH054,Bhavya,Female,20,39,84,MECH,F
23IT055,Pooja,Male,22,89,84,IT,A
23MECH056,Charan,Female,22,67,98,MECH,C
23CSE057,Meghana,Female,18,90,100,CSE,A+
23MECH058,Meghana,Female,20,73,62,MECH,B
23CIVIL059,Pooja,Male,22,60,76,CIVIL,C
23CSE060,Akash,Male,19,50,94,CSE,D
23CSE061,Aditya,Male,22,73,77,CSE,B
23MECH062,Rohit,Male,20,84,81,MECH,A
23ECE063,Krishna,Female,23,51,69,ECE,D
23EEE064,Tarun,Male,23,85,100,EEE,A
23CIVIL065,Diya,Male,18,70,56,CIVIL,B
23IT066,Sanjay,Female,20,52,75,IT,D
23IT067,Vamsi,Male,19,39,90,IT,F
23CSE068,Srinivas,Female,20,75,95,CSE,B
23CSE069,Anjali,Male,23,95,70,CSE,A+
23ECE070,Keerthi,Male,23,81,80,ECE,A
23EEE071,Teja,Female,20,82,67,EEE,A
23ECE072,Sai,Female,22,74,85,ECE,B
23EEE073,Harsha,Female,19,35,86,EEE,F
23CSE074,Swathi,Female,18,57,95,CSE,D
23IT075,Nikhil,Female,22,52,71,IT,D
23IT076,Lavanya,Male,18,62,89,IT,C
23MECH077,Vamsi,Female,22,85,57,MECH,A
23ECE078,Tarun,Male,22,45,61,ECE,F
23EEE079,Hemanth,Female,20,68,90,EEE,C
23CIVIL080,Aditya,Male,19,72,73,CIVIL,B
23IT081,Meghana,Female,19,59,79,IT,D
23MECH082,Yash,Male,22,96,96,MECH,A+
23ECE083,Priya,Male,23,38,88,ECE,F
23CIVIL084,Pooja,Male,19,49,56,CIVIL,F
23EEE085,Anjali,Male,20,82,59,EEE,A
23ECE086,Kavya,Male,22,66,94,ECE,C
23MECH087,Bhavya,Female,21,44,61,MECH,F
23MECH088,Lakshmi,Female,23,79,62,MECH,B
23EEE089,Sneha,Male,22,66,88,EEE,C
23CSE090,Chaitanya,Female,22,45,77,CSE,F
23IT091,Naveen,Male,21,68,74,IT,C
23CIVIL092,Keerthi,Male,20,99,82,CIVIL,A+
23MECH093,Pranav,Female,23,98,97,MECH,A+
23IT094,Pooja,Male,19,63,84,IT,C
23ECE095,Priya,Female,21,83,92,ECE,A
23MECH096,Diya,Female,23,51,91,MECH,D
23MECH097,Manoj,Female,18,69,75,MECH,C
23ECE098,Lakshmi,Male,22,69,95,ECE,C
23EEE099,Pranav,Male,22,69,62,EEE,C
23CSE100,Varun,Female,23,86,80,CSE,A
23CSE101,Teja,Female,23,78,81,CSE,B
23MECH102,Chaitanya,Female,23,61,95,MECH,C
23CSE103,Priya,Female,18,57,80,CSE,D
23MECH104,Manoj,Female,19,88,76,MECH,A
23IT105,Sanjay,Female,18,63,57,IT,C
23MECH106,Charan,Female,20,61,56,MECH,C
23CSE107,Srinivas,Female,22,82,95,CSE,A
23ECE108,Teja,Male,22,47,55,ECE,F
23IT109,Pranav,Male,21,56,68,IT,D
23CSE110,Nikhil,Male,22,52,81,CSE,D
23CIVIL111,Aditi,Female,21,58,57,CIVIL,D
23EEE112,Hemanth,Male,21,78,97,EEE,B
23MECH113,Priya,Female,22,67,85,MECH,C
23ECE114,Pooja,Female,18,97,96,ECE,A+
23ECE115,Aditi,Female,20,94,71,ECE,A+
23ECE116,Rahul,Female,22,73,80,ECE,B
23IT117,Vamsi,Male,21,100,59,IT,A+
23CIVIL118,Tarun,Female,21,46,94,CIVIL,F
23EEE119,Swathi,Female,21,78,75,EEE,B
23CIVIL120,Ishita,Male,22,67,66,CIVIL,C
23CSE121,Swathi,Female,23,62,61,CSE,C
23CIVIL122,Sai,Male,19,100,82,CIVIL,A+
23ECE123,Deepak,Male,20,97,100,ECE,A+
23CIVIL124,Teja,Female,20,85,96,CIVIL,A
23IT125,Vijay,Male,19,54,93,IT,D
23IT126,Diya,Male,23,42,91,IT,F
23EEE127,Aditya,Female,20,52,66,EEE,D
23ECE128,Tarun,Female,19,56,84,ECE,D
23MECH129,Divya,Male,19,54,98,MECH,D
23ECE130,Abhinav,Female,22,73,56,ECE,B
23IT131,Srinivas,Female,22,94,60,IT,A+
23IT132,Lavanya,Female,19,53,75,IT,D
23CSE133,Srinivas,Male,21,42,55,CSE,F
23CIVIL134,Priya,Female,20,55,56,CIVIL,D
23ECE135,Karthik,Male,21,90,97,ECE,A+
23ECE136,Harsha,Male,19,98,97,ECE,A+
23MECH137,Rahul,Male,22,89,82,MECH,A
23CIVIL138,Rahul,Male,20,91,95,CIVIL,A+
23CSE139,Vidya,Female,18,60,68,CSE,C
23CSE140,Madhavi,Male,20,55,100,CSE,D
23MECH141,Ishita,Male,23,59,82,MECH,D
23EEE142,Aditi,Male,23,69,95,EEE,C
23CIVIL143,Lavanya,Female,21,96,55,CIVIL,A+
23CSE144,Sai,Female,20,52,86,CSE,D
23CIVIL145,Diya,Male,20,83,84,CIVIL,A
23EEE146,Yash,Male,23,76,97,EEE,B
23CIVIL147,Chaitanya,Male,21,79,84,CIVIL,B
23CSE148,Swathi,Male,20,39,73,CSE,F
23CIVIL149,Vamsi,Male,18,92,88,CIVIL,A+
23CIVIL150,Bhavya,Female,23,93,91,CIVIL,A+
